,State,COUNTY,FIPS_State,FIPS_County,FIPS_Combined,LATITUDE,LONGITUDE,,,,x,y（以西经60°为轴子午线）
0,KY,ADAIR,21,1,21001,37.09704133,-85.29621667,,37°5′49.349″,85°17′46.380″,4420966.599,2267475.494
1,KY,ALLEN,21,3,21003,36.70207967,-86.16873833,,36°42′07.487″,86°10′07.458″,4399129.733,2360193.603
2,KY,ANDERSON,21,5,21005,38.018853,-84.929938,,38°1′07.871″,84°55′47.777″,4516006.959,2204539.374
3,KY,BALLARD,21,7,21007,37.0429978,-88.9616256,,37°2′34.792″,88°57′41.852″,4518235.44,2604047.37
4,KY,BARREN,21,9,21009,36.958318,-85.94031475,,36°57′29.945″,85°56′25.133″,4422158.982,2330738.673
5,KY,BATH,21,11,21011,38.10574117,-83.761017,,38°6′20.668″,83°45′39.661″,4496665.409,2097276.099
6,KY,BELL,21,13,21013,36.77062692,-83.67154817,,36°46′14.257″,83°40′17.573″,4343403.926,2129574.426
7,KY,BOONE,21,15,21015,38.97405786,-84.70811243,,38°58′26.608″,84°42′29.205″,4618241.614,2153758.187
8,KY,BOURBON,21,17,21017,38.21841233,-84.16795867,,38°13′06.284″,84°10′04.651″,4519368.709,2130086.999
9,KY,BOYD,21,19,21019,38.37730467,-82.69412533,,38°22′38.297″,82°41′38.851″,4502073.871,1994150.697
10,KY,BOYLE,21,21,21021,37.6088998,-84.884368,,37°36′32.039″,84°53′03.725″,4468423.542,2213666.917
11,KY,BRACKEN,21,23,21023,38.6934438,-84.0695754,,38°41′36.398″,84°4′10.471″,4570564.392,2106410.097
12,KY,BREATHITT,21,25,21025,37.54987262,-83.34834363,,37°32′59.541″,83°20′54.037″,4423941.091,2077077.347
13,KY,BRECKINRIDGE,21,27,21027,37.78586954,-86.41013223,,37°47′09.130″,86°24′36.476″,4528872.68,2345284.792
14,KY,BULLITT,21,29,21029,37.99246583,-85.68028617,,37°59′32.877″,85°40′49.030″,4532599.807,2272651.121
15,KY,BUTLER,21,31,21031,37.22428614,-86.68477814,,37°13′27.430″,86°41′05.201″,4472646.896,2389569.707
16,KY,CALDWELL,21,33,21033,37.1640265,-87.9372275,,37°9′50.495″,87°56′14.019″,4501422.618,2505854.881
17,KY,CALLOWAY,21,35,21035,36.63186,-88.27396117,,36°37′54.696″,88°16′26.260″,4450596.922,2556230.26
18,KY,CAMPBELL,21,37,21037,39.03219,-84.41718437,,39°1′55.884″,84°25′01.864″,4617429.531,2126267.046
19,KY,CARLISLE,21,39,21039,36.83959275,-88.93430675,,36°50′22.534″,88°56′03.504″,4494165.046,2609271.555
20,KY,CARROLL,21,41,21041,38.666835,-85.0670425,,38°40′00.606″,85°4′01.353″,4592790.69,2195548.509
21,KY,CARTER,21,43,21043,38.30339562,-83.04241487,,38°18′12.224″,83°2′32.694″,4501836.295,2027274.562
22,KY,CASEY,21,45,21045,37.25170867,-84.8728465,,37°15′06.151″,84°52′22.247″,4427638.098,2224044.661
23,KY,CHRISTIAN,21,47,21047,36.78664778,-87.49047511,,36°47′11.932″,87°29′25.710″,4445474.342,2478565.484
24,KY,CLARK,21,49,21049,37.987161,-84.178894,,37°59′13.780″,84°10′44.018″,4493502.85,2138307.298
25,KY,CLAY,21,51,21051,37.17420211,-83.71730956,,37°10′27.128″,83°43′02.314″,4390238.059,2121658.625
26,KY,CLINTON,21,53,21053,36.7327125,-85.116541,,36°43′57.765″,85°6′59.548″,4374940.401,2262787.679
27,KY,CRITTENDEN,21,55,21055,37.2971205,-88.15317325,,37°17′49.634″,88°9′11.424″,4522935.08,2520652.943
28,KY,CUMBERLAND,21,57,21057,36.842189,-85.49065867,,36°50′31.880″,85°29′26.371″,4397074.464,2293480.655
29,KY,DAVIESS,21,59,21059,37.72946556,-87.13417622,,37°43′46.076″,87°8′03.034″,4542643.782,2412555.69
30,KY,EDMONSON,21,61,21061,37.22265483,-86.25737433,,37°13′21.557″,86°15′26.548″,4460747.867,2350744.989
31,KY,ELLIOTT,21,63,21063,38.0877985,-83.0889285,,38°5′16.075″,83°5′20.143″,4478598.569,2037826.99
32,KY,ESTILL,21,65,21065,37.699106,-84.00568367,,37°41′56.782″,84°0′20.461″,4456660.086,2131710.127
33,KY,FAYETTE,21,67,21067,38.017394,-84.485423,,38°1′02.618″,84°29′07.523″,4504561.831,2164790.951
34,KY,FLEMING,21,69,21069,38.36605086,-83.67533943,,38°21′57.783″,83°40′31.222″,4523982.996,2081646.69
35,KY,FLOYD,21,71,21071,37.49666158,-82.7334663,,37°29′47.982″,82°44′00.479″,4403576.862,2023261.322
36,KY,FRANKLIN,21,73,21073,38.192831,-84.88061,,38°11′34.192″,84°52′50.196″,4534423.244,2194486.38
37,KY,FULTON,21,75,21075,36.5439735,-89.0419455,,36°32′38.305″,89°2′31.004″,4463638.566,2630398.257
38,KY,GALLATIN,21,77,21077,38.74307733,-84.84749,,38°44′35.078″,84°50′50.964″,4595742.83,2173610.534
39,KY,GARRARD,21,79,21079,37.66068867,-84.55764933,,37°39′38.479″,84°33′27.538″,4466011.265,2182577.514
40,KY,GRANT,21,81,21081,38.64378733,-84.62164867,,38°38′37.634″,84°37′17.935″,4578776.962,2156853.537
41,KY,GRAVES,21,83,21083,36.7494975,-88.67146883,,36°44′58.191″,88°40′17.288″,4475905.591,2588485.198
42,KY,GRAYSON,21,85,21085,37.4835325,-86.327367,,37°29′00.717″,86°19′38.521″,4492291.465,2348205.305
43,KY,GREEN,21,87,21087,37.2924345,-85.5715075,,37°17′32.764″,85°34′17.427″,4450344.037,2286108.427
44,KY,GREENUP,21,89,21089,38.57008929,-82.83097629,,38°34′12.321″,82°49′51.515″,4526972.057,2000604.481
45,KY,HANCOCK,21,91,21091,37.83718533,-86.82437567,,37°50′13.867″,86°49′27.752″,4546160.725,2380806.241
46,KY,HARDIN,21,93,21093,37.70400317,-85.96685375,,37°42′14.411″,85°58′00.674″,4507556.596,2308133.288
47,KY,HARLAN,21,95,21095,36.86046877,-83.23438069,,36°51′37.688″,83°14′03.770″,4343224.527,2087079.335
48,KY,HARRISON,21,97,21097,38.4561885,-84.3280195,,38°27′22.279″,84°19′40.870″,4550206.546,2136822.926
49,KY,HART,21,99,21099,37.276369,-85.87507867,,37°16′34.928″,85°52′30.283″,4456563.102,2314196.633
50,KY,HENDERSON,21,101,21101,37.80344414,-87.54801957,,37°48′12.399″,87°32′52.870″,4562873.596,2447234.846
51,KY,HENRY,21,103,21103,38.45318264,-85.15208518,,38°27′11.457″,85°9′07.507″,4570857.644,2210150.915
52,KY,HICKMAN,21,105,21105,36.711518,-89.032931,,36°42′41.465″,89°1′58.552″,4482532.827,2623211.027
53,KY,HOPKINS,21,107,21107,37.2779743,-87.5276949,,37°16′40.707″,87°31′39.702″,4502529.382,2464394.136
54,KY,JACKSON,21,109,21109,37.40636783,-83.97957267,,37°24′22.924″,83°58′46.462″,4422888.768,2138349.486
55,KY,JEFFERSON,21,111,21111,38.25076088,-85.61816663,,38°15′02.739″,85°37′05.400″,4560194.225,2258418.975
56,KY,JESSAMINE,21,113,21113,37.89458467,-84.62901967,,37°53′40.505″,84°37′44.471″,4494285.755,2181564.174
57,KY,JOHNSON,21,115,21115,37.83067389,-82.79316178,,37°49′50.426″,82°47′35.382″,4442682.928,2018944.502
58,KY,KENTON,21,117,21117,38.968043,-84.52833786,,38°58′04.955″,84°31′42.016″,4612999.753,2138122.098
59,KY,KNOTT,21,119,21119,37.33994117,-82.92387589,,37°20′23.788″,82°55′25.953″,4390253.602,2044967.187
60,KY,KNOX,21,121,21121,36.88896644,-83.84489381,,36°53′20.279″,83°50′41.618″,4360992.686,2141836.148
61,KY,LARUE,21,123,21123,37.4807695,-85.68220525,,37°28′50.770″,85°40′55.939″,4474640.969,2289907.804
62,KY,LAUREL,21,125,21125,37.09019283,-84.09129567,,37°5′24.694″,84°5′28.664″,4389801.707,2158145.168
63,KY,LAWRENCE,21,127,21127,38.02266063,-82.7868675,,38°1′21.578″,82°47′12.723″,4464210.599,2012781.76
64,KY,LEE,21,129,21129,37.58642333,-83.66828767,,37°35′11.124″,83°40′05.836″,4435718.208,2104791.986
65,KY,LESLIE,21,131,21131,37.07954553,-83.38512706,,37°4′46.364″,83°23′06.457″,4371589.023,2094349.439
66,KY,LETCHER,21,133,21133,37.135967,-82.82720617,,37°8′09.481″,82°49′37.942″,4364949.606,2042116.376
67,KY,LEWIS,21,135,21135,38.5410084,-83.296675,,38°32′27.630″,83°17′48.030″,4534639.246,2042708.789
68,KY,LINCOLN,21,137,21137,37.43880633,-84.69477833,,37°26′19.703″,84°41′41.202″,4444333.6,2201975.52
69,KY,LIVINGSTON,21,139,21139,37.17343771,-88.34519686,,37°10′24.376″,88°20′42.709″,4514531.816,2542753.271
70,KY,LOGAN,21,141,21141,36.84849667,-86.8490045,,36°50′54.588″,86°50′56.416″,4434428.683,2417569.15
71,KY,LYON,21,143,21143,37.064128,-88.0996015,,37°3′50.861″,88°5′58.565″,4494797.79,2524349.713
72,KY,MCCRACKEN,21,145,21145,37.080949,-88.76688167,,37°4′51.416″,88°46′00.774″,4516644.033,2584773.464
73,KY,MCCREARY,21,147,21147,36.71159843,-84.46072257,,36°42′41.754″,84°27′38.601″,4355970.44,2203453.508
74,KY,MCLEAN,21,149,21149,37.5113295,-87.25349917,,37°30′40.786″,87°15′12.597″,4521240.427,2431128.537
75,KY,MADISON,21,151,21151,37.663956,-84.22395975,,37°39′50.242″,84°13′26.255″,4458056.806,2152435.183
76,KY,MAGOFFIN,21,153,21153,37.6879995,-82.994949,,37°41′16.798″,82°59′41.816″,4431248.862,2041213.36
77,KY,MARION,21,155,21155,37.58266175,-85.31802263,,37°34′57.582″,85°19′04.881″,4476633.242,2253638.902
78,KY,MARSHALL,21,157,21157,36.908522,-88.31822425,,36°54′30.679″,88°19′05.607″,4483506.719,2550108.935
79,KY,MARTIN,21,159,21159,37.82720129,-82.48433229,,37°49′37.925″,82°29′03.596″,4435214.191,1991384.872
80,KY,MASON,21,161,21161,38.6317526,-83.8466606,,38°37′54.309″,83°50′47.978″,4558129.208,2088621.656
81,KY,MEADE,21,163,21163,37.963935,-86.21158571,,37°57′50.166″,86°12′41.709″,4543644.075,2321293.994
82,KY,MENIFEE,21,165,21165,37.9397085,-83.5884835,,37°56′22.951″,83°35′18.541″,4473740.25,2086920.659
83,KY,MERCER,21,167,21167,37.81224467,-84.83320967,,37°48′44.081″,84°49′59.555″,4490148.508,2202531.598
84,KY,METCALFE,21,169,21169,36.9717882,-85.666809,,36°58′18.438″,85°40′00.512″,4416431.419,2305330.169
85,KY,MONROE,21,171,21171,36.7099194,-85.7702358,,36°42′35.710″,85°46′12.849″,4389382.763,2323394.693
86,KY,MONTGOMERY,21,173,21173,38.009413,-83.897276,,38°0′33.887″,83°53′50.194″,4489097.304,2112417.827
87,KY,MORGAN,21,175,21175,37.91489867,-83.22225744,,37°54′53.635″,83°13′20.127″,4462213.688,2054886.135
88,KY,MUHLENBERG,21,177,21177,37.22886308,-87.104331,,37°13′43.907″,87°6′15.592″,4484887.402,2427599.388
89,KY,NELSON,21,179,21179,37.81768722,-85.44172511,,37°49′03.674″,85°26′30.210″,4506504.153,2257050.489
90,KY,NICHOLAS,21,181,21181,38.30693,-83.9603955,,38°18′24.948″,83°57′37.424″,4524252.396,2108829.943
91,KY,OHIO,21,183,21183,37.46428758,-86.82519317,,37°27′51.435″,86°49′30.695″,4503833.428,2393971.511
92,KY,OLDHAM,21,185,21185,38.38430817,-85.47242167,,38°23′03.509″,85°28′20.718″,4571449.954,2240944.423
93,KY,OWEN,21,187,21187,38.55707067,-84.90313933,,38°33′25.454″,84°54′11.302″,4576167.214,2184625.941
94,KY,OWSLEY,21,189,21189,37.4106218,-83.6732766,,37°24′38.238″,83°40′23.796″,4415946.186,2110552.897
95,KY,PENDLETON,21,191,21191,38.739094,-84.38683533,,38°44′20.738″,84°23′12.607″,4583611.8,2133010.446
96,KY,PERRY,21,193,21193,37.26036064,-83.21477736,,37°15′37.298″,83°12′53.198″,4388039.496,2073585.77
97,KY,PIKE,21,195,21195,37.45220583,-82.35219235,,37°27′07.941″,82°21′07.892″,4389879.361,1990190.236
98,KY,POWELL,21,197,21197,37.830744,-83.81649733,,37°49′50.678″,83°48′59.390″,4466933.566,2110674.379
99,KY,PULASKI,21,199,21199,37.06643744,-84.61174411,,37°3′59.175″,84°36′42.279″,4400018.811,2206184.137
100,KY,ROBERTSON,21,201,21201,38.521751,-84.047977,,38°31′18.304″,84°2′52.717″,4550658.192,2109897.305
101,KY,ROCKCASTLE,21,203,21203,37.36834,-84.31782133,,37°22′06.024″,84°19′04.157″,4426908.124,2170101.23
102,KY,ROWAN,21,205,21205,38.16714875,-83.3982195,,38°10′01.736″,83°23′53.590″,4494873.736,2063037.477
103,KY,RUSSELL,21,207,21207,37.012319,-85.0698585,,37°0′44.348″,85°4′11.491″,4405506.182,2249594.468
104,KY,SCOTT,21,209,21209,38.29711,-84.59214233,,38°17′49.596″,84°35′31.712″,4538872.842,2165395.639
105,KY,SHELBY,21,211,21211,38.1939456,-85.2241226,,38°11′38.204″,85°13′26.841″,4543416.723,2225124.753
106,KY,SIMPSON,21,213,21213,36.725353,-86.570043,,36°43′31.271″,86°34′12.155″,4412692.85,2396223.724
107,KY,SPENCER,21,215,21215,38.041146,-85.2734875,,38°2′28.126″,85°16′24.555″,4527411.28,2234576.535
108,KY,TAYLOR,21,217,21217,37.35280167,-85.24639533,,37°21′10.086″,85°14′47.023″,4448703.277,2254656.276
109,KY,TODD,21,219,21219,36.82047183,-87.14539533,,36°49′13.699″,87°8′43.423″,4439532.947,2445710.055
110,KY,TRIGG,21,221,21221,36.89802,-87.7530455,,36°53′52.872″,87°45′10.964″,4465735.404,2498663.753
111,KY,TRIMBLE,21,223,21223,38.639426,-85.3396305,,38°38′21.934″,85°20′22.670″,4596796.452,2220612.6
112,KY,UNION,21,225,21225,37.644166,-87.9103236,,37°38′38.998″,87°54′37.165″,4555297.823,2485796.94
113,KY,WARREN,21,227,21227,36.938313,-86.40802814,,36°56′17.927″,86°24′28.901″,4432508.202,2374137.568
114,KY,WASHINGTON,21,229,21229,37.7406285,-85.18323025,,37°44′26.263″,85°10′59.629″,4491034.304,2236327.336
115,KY,WAYNE,21,231,21231,36.842723,-84.839251,,36°50′33.803″,84°50′21.304″,4380366.107,2233950.391
116,KY,WEBSTER,21,233,21233,37.5080095,-87.72021363,,37°30′28.834″,87°43′12.769″,4534268.403,2473560.472
117,KY,WHITLEY,21,235,21235,36.76378117,-84.09472633,,36°45′49.612″,84°5′41.015″,4352867.786,2168408.527
118,KY,WOLFE,21,237,21237,37.738184,-83.5355306,,37°44′17.462″,83°32′07.910″,4449692.565,2088269.644
119,KY,WOODFORD,21,239,21239,38.095021,-84.710764,,38°5′42.076″,84°42′38.750″,4519030.989,2182469.736
120,OH,ADAMS,39,1,39001,38.8205148,-83.498237,,38°49′13.853″,83°29′53.653″,4570968.114,2051999.14
121,OH,ALLEN,39,3,39003,40.79639233,-84.08851144,,40°47′47.012″,84°5′18.641″,4807518.861,2040453.268
122,OH,ASHLAND,39,5,39005,40.8605096,-82.2718921,,40°51′37.835″,82°16′18.812″,4771396.228,1883802.133
123,OH,ASHTABULA,39,7,39007,41.72525013,-80.76340806,,41°43′30.900″,80°45′48.269″,4834983.861,1731387.298
124,OH,ATHENS,39,9,39009,39.36134663,-82.06050026,,39°21′40.848″,82°3′37.801″,4598428.526,1909754.135
125,OH,AUGLAIZE,39,11,39011,40.55152555,-84.19310445,,40°33′05.492″,84°11′35.176″,4782668.747,2057411.67
126,OH,BELMONT,39,13,39013,40.05466388,-80.92525623,,40°3′16.790″,80°55′30.922″,4651479.938,1791736.162
127,OH,BROWN,39,15,39015,38.88792564,-83.87419227,,38°53′16.532″,83°52′27.092″,4587689.341,2083049.662
128,OH,BUTLER,39,17,39017,39.439947,-84.57779927,,39°26′23.809″,84°34′40.077″,4667428.733,2127095.628
129,OH,CARROLL,39,19,39019,40.581546,-81.11134563,,40°34′53.566″,81°6′40.844″,4714484.786,1793016.087
130,OH,CHAMPAIGN,39,21,39021,40.1451646,-83.7520474,,40°8′42.593″,83°45′07.371″,4726147.993,2032662.343
131,OH,CLARK,39,23,39023,39.9313118,-83.8418745,,39°55′52.722″,83°50′30.748″,4704326.497,2047239.035
132,OH,CLERMONT,39,25,39025,39.04553453,-84.16491747,,39°2′43.924″,84°9′53.703″,4612626.458,2103657.1
133,OH,CLINTON,39,27,39027,39.39983773,-83.79852745,,39°23′59.416″,83°47′54.699″,4643495.547,2060321.992
134,OH,COLUMBIANA,39,29,39029,40.77869843,-80.77967752,,40°46′43.314″,80°46′46.839″,4729500.933,1759235.829
135,OH,COSHOCTON,39,31,39031,40.308781,-81.8724298,,40°18′31.612″,81°52′20.747″,4700570.483,1865987.693
136,OH,CRAWFORD,39,33,39033,40.84845511,-82.88862789,,40°50′54.438″,82°53′19.060″,4784319.839,1936627.668
137,OH,CUYAHOGA,39,35,39035,41.4182471,-81.69396633,,41°25′05.690″,81°41′38.279″,4820813.595,1818328.82
138,OH,DARKE,39,37,39037,40.164031,-84.60905273,,40°9′50.512″,84°36′32.590″,4749665.655,2105932.617
139,OH,DEFIANCE,39,39,39039,41.33532263,-84.51628887,,41°20′07.161″,84°30′58.640″,4878651.497,2058811.872
140,OH,DELAWARE,39,41,39041,40.25564818,-83.00733518,,40°15′20.333″,83°0′26.407″,4720654.042,1965084.568
141,OH,ERIE,39,43,39043,41.39813712,-82.57182325,,41°23′53.294″,82°34′18.564″,4838454.659,1892849.445
142,OH,FAIRFIELD,39,45,39045,39.76711393,-82.6060305,,39°46′01.610″,82°36′21.710″,4656438.156,1945269.31
143,OH,FAYETTE,39,47,39047,39.60367525,-83.501142,,39°36′13.231″,83°30′04.111″,4659203.282,2028006.408
144,OH,FRANKLIN,39,49,39049,39.96910733,-82.9800944,,39°58′08.786″,82°58′48.340″,4687847.644,1971534.217
145,OH,FULTON,39,51,39051,41.60503675,-84.107506,,41°36′18.132″,84°6′27.022″,4898529.905,2015371.586
146,OH,GALLIA,39,53,39053,38.85789111,-82.30213956,,38°51′28.408″,82°18′07.702″,4547252.028,1945500.926
147,OH,GEAUGA,39,55,39055,41.5083235,-81.17094225,,41°30′29.965″,81°10′15.392″,4819447.307,1771728.14
148,OH,GREENE,39,57,39057,39.7078315,-83.92776517,,39°42′28.193″,83°55′39.955″,4681316.785,2061814.105
149,OH,GUERNSEY,39,59,39059,39.97805979,-81.49909357,,39°58′41.015″,81°29′56.737″,4655242.148,1843364.811
150,OH,HAMILTON,39,61,39061,39.1698773,-84.62012,,39°10′11.558″,84°37′12.432″,4638079.334,2139629.002
151,OH,HANCOCK,39,63,39063,40.98426008,-83.67570192,,40°59′03.336″,83°40′32.527″,4818390.894,1999234.755
152,OH,HARDIN,39,65,39065,40.6804982,-83.678516,,40°40′49.794″,83°40′42.658″,4784418.288,2009239.227
153,OH,HARRISON,39,67,39067,40.30676255,-81.07789609,,40°18′24.345″,81°4′40.426″,4682986.597,1797858.746
154,OH,HENRY,39,69,39069,41.3387325,-84.06307225,,41°20′19.437″,84°3′47.060″,4867631.113,2020455.918
155,OH,HIGHLAND,39,71,39071,39.200695,-83.61546288,,39°12′02.502″,83°36′55.666″,4616623.023,2050544.879
156,OH,HOCKING,39,73,39073,39.48682425,-82.4286055,,39°29′12.567″,82°25′42.980″,4620868.346,1938181.505
157,OH,HOLMES,39,75,39075,40.57675042,-81.91710442,,40°34′36.301″,81°55′01.576″,4731601.13,1861980.875
158,OH,HURON,39,77,39077,41.14135145,-82.601607,,41°8′28.865″,82°36′05.785″,4810415.628,1903250.335
159,OH,JACKSON,39,79,39079,39.041722,-82.59885375,,39°2′30.199″,82°35′55.874″,4574717.793,1966205.467
160,OH,JEFFERSON,39,81,39081,40.35611295,-80.75597377,,40°21′22.007″,80°45′21.506″,4681685.424,1768885.07
161,OH,KNOX,39,83,39083,40.3776226,-82.4159419,,40°22′39.441″,82°24′57.391″,4720578.517,1910589.786
162,OH,LAKE,39,85,39085,41.6996865,-81.29924987,,41°41′58.871″,81°17′57.300″,4843606.313,1776971.257
163,OH,LAWRENCE,39,87,39087,38.552541,-82.5148511,,38°33′09.148″,82°30′53.464″,4517707.836,1973144.389
164,OH,LICKING,39,89,39089,40.05537594,-82.5084175,,40°3′19.353″,82°30′30.303″,4686552.814,1928198.392
165,OH,LOGAN,39,91,39091,40.38131407,-83.763396,,40°22′52.731″,83°45′48.226″,4752935.168,2026093.154
166,OH,LORAIN,39,93,39093,41.35564923,-82.11484454,,41°21′20.337″,82°6′53.440″,4823239.71,1855638.444
167,OH,LUCAS,39,95,39095,41.60647609,-83.68905927,,41°36′23.314″,83°41′20.613″,4888352.858,1980196.28
168,OH,MADISON,39,97,39097,39.85535667,-83.39185567,,39°51′19.284″,83°23′30.680″,4684863.071,2010672.543
169,OH,MAHONING,39,99,39099,40.99822353,-80.75609094,,40°59′53.605″,80°45′21.927″,4753566.33,1751133.303
170,OH,MARION,39,101,39101,40.58147856,-83.15385989,,40°34′53.323″,83°9′13.896″,4760671.998,1967546.085
171,OH,MEDINA,39,103,39103,41.11116077,-81.90639738,,41°6′40.179″,81°54′23.031″,4791198.024,1845323.245
172,OH,MEIGS,39,105,39105,39.05665927,-81.96457791,,39°3′23.973″,81°57′52.480″,4562028.713,1910121.01
173,OH,MERCER,39,107,39107,40.4880414,-84.5987377,,40°29′16.949″,84°35′55.456″,4785786.191,2094257.939
174,OH,MIAMI,39,109,39109,40.05236408,-84.26884131,,40°3′08.511″,84°16′07.829″,4728521.448,2080247.887
175,OH,MONROE,39,111,39111,39.75524792,-81.06468117,,39°45′18.892″,81°3′52.852″,4620866.612,1812049.942
176,OH,MONTGOMERY,39,113,39113,39.7803987,-84.3307461,,39°46′49.435″,84°19′50.686″,4699502.292,2094470.483
177,OH,MORGAN,39,115,39115,39.59373425,-81.863227,,39°35′37.443″,81°51′47.617″,4620131.225,1885879.142
178,OH,MORROW,39,117,39117,40.51495078,-82.79742711,,40°30′53.823″,82°47′50.738″,4744807.423,1939112.884
179,OH,MUSKINGUM,39,119,39119,39.95407124,-81.99097012,,39°57′14.656″,81°59′27.492″,4663434.326,1886524.532
180,OH,NOBLE,39,121,39121,39.769817,-81.48560633,,39°46′11.341″,81°29′08.183″,4631583.245,1848099.1
181,OH,OTTAWA,39,123,39123,41.56930375,-83.10031906,,41°34′09.493″,83°6′01.149″,4869997.625,1931958.105
182,OH,PAULDING,39,125,39125,41.106314,-84.57691333,,41°6′22.730″,84°34′36.888″,4854552.428,2071660.397
183,OH,PERRY,39,127,39127,39.73738727,-82.22632873,,39°44′14.594″,82°13′34.783″,4644412.968,1913227.779
184,OH,PICKAWAY,39,129,39129,39.67365138,-83.05543725,,39°40′25.145″,83°3′19.574″,4656432.344,1987096.989
185,OH,PIKE,39,131,39131,39.05265025,-83.06762375,,39°3′09.541″,83°4′03.445″,4586866.203,2007032.284
186,OH,PORTAGE,39,133,39133,41.15795224,-81.19349594,,41°9′28.628″,81°11′36.585″,4780762.036,1783657.85
187,OH,PREBLE,39,135,39135,39.7726645,-84.5977455,,39°46′21.592″,84°35′51.884″,4705381.241,2117903.035
188,OH,PUTNAM,39,137,39137,41.01689793,-84.14225671,,41°1′00.833″,84°8′32.124″,4833569.454,2037776.738
189,OH,RICHLAND,39,139,39139,40.74234843,-82.51519329,,40°44′32.454″,82°30′54.696″,4763739.335,1908079.14
190,OH,ROSS,39,141,39141,39.34953036,-83.00686082,,39°20′58.309″,83°0′24.699″,4618844.334,1992727.114
191,OH,SANDUSKY,39,143,39143,41.35944963,-83.18667688,,41°21′34.019″,83°11′12.037″,4848584.222,1945870.728
192,OH,SCIOTO,39,145,39145,38.78293085,-82.95541677,,38°46′58.551″,82°57′19.500″,4553856.189,2005266.46
193,OH,SENECA,39,147,39147,41.13749679,-83.15779214,,41°8′14.988″,83°9′28.052″,4823056.547,1950443.624
194,OH,SHELBY,39,149,39149,40.34711827,-84.19997482,,40°20′49.626″,84°11′59.909″,4759901.414,2064691.819
195,OH,STARK,39,151,39151,40.81085654,-81.36208921,,40°48′39.084″,81°21′43.521″,4745576.382,1807878.69
196,OH,SUMMIT,39,153,39153,41.14878841,-81.51454447,,41°8′55.638″,81°30′52.360″,4786723.082,1811067.845
197,OH,TRUMBULL,39,155,39155,41.28312343,-80.7283217,,41°16′59.244″,80°43′41.958″,4784840.854,1740844.65
198,OH,TUSCARAWAS,39,157,39157,40.4824474,-81.46393925,,40°28′56.811″,81°27′50.181″,4711017.913,1825966.463
199,OH,UNION,39,159,39159,40.25993863,-83.36952187,,40°15′35.779″,83°22′10.279″,4729759.611,1996097.571
200,OH,VAN WERT,39,161,39161,40.83223811,-84.60889222,,40°49′56.057″,84°36′32.012″,4824654.455,2083599.379
201,OH,VINTON,39,163,39163,39.25609671,-82.478061,,39°15′21.948″,82°28′41.020″,4596060.846,1949300.841
202,OH,WARREN,39,165,39165,39.41767225,-84.17819467,,39°25′03.620″,84°10′41.501″,4654873.213,2092915.531
203,OH,WASHINGTON,39,167,39167,39.46706381,-81.51064376,,39°28′01.430″,81°30′38.318″,4598140.637,1858813.406
204,OH,WAYNE,39,169,39169,40.84669525,-81.84335625,,40°50′48.103″,81°50′36.083″,4760188.383,1847771.752
205,OH,WILLIAMS,39,171,39171,41.5650474,-84.5717905,,41°33′54.171″,84°34′18.446″,4905768.717,2055711.147
206,OH,WOOD,39,173,39173,41.39063159,-83.60179017,,41°23′26.274″,83°36′06.445″,4862081.165,1979863.476
207,OH,WYANDOT,39,175,39175,40.86721975,-83.292076,,40°52′01.991″,83°17′31.474″,4795997.383,1970364.672
208,PA,ADAMS,42,1,42001,39.91191056,-77.2021245,,39°54′42.878″,77°12′07.648″,4564232.639,1474573.261
209,PA,ALLEGHENY,42,3,42003,40.4640338,-79.94021322,,40°27′50.522″,79°56′24.768″,4676977.101,1696146.181
210,PA,ARMSTRONG,42,5,42005,40.81495412,-79.47085662,,40°48′53.835″,79°28′15.084″,4706904.63,1646979.137
211,PA,BEAVER,42,7,42007,40.67791105,-80.32679524,,40°40′40.480″,80°19′36.463″,4708785.096,1723433.973
212,PA,BEDFORD,42,9,42009,40.08411742,-78.44204754,,40°5′02.823″,78°26′31.371″,4605548.024,1577275.662
213,PA,BERKS,42,11,42011,40.41243235,-75.87894351,,40°24′44.756″,75°52′44.197″,4598429.586,1350413.862
214,PA,BLAIR,42,13,42013,40.42479621,-78.37116564,,40°25′29.266″,78°22′16.196″,4642352.172,1563002.493
215,PA,BRADFORD,42,15,42015,41.78677208,-76.52532888,,41°47′12.379″,76°31′31.184″,4762211.294,1375674.816
216,PA,BUCKS,42,17,42017,40.3422477,-75.10936702,,40°20′32.092″,75°6′33.721″,4578792.147,1286114.168
217,PA,BUTLER,42,19,42019,40.90685141,-79.91979734,,40°54′24.665″,79°55′11.270″,4726111.15,1682692.314
218,PA,CAMBRIA,42,21,42021,40.50728543,-78.70482527,,40°30′26.228″,78°42′17.371″,4657781.75,1589496.061
219,PA,CAMERON,42,23,42023,41.42342733,-78.160958,,41°25′24.338″,78°9′39.449″,4750082.194,1521056.147
220,PA,CARBON,42,25,42025,40.87371,-75.76000625,,40°52′25.356″,75°45′36.023″,4648054.096,1330796.055
221,PA,CENTRE,42,27,42027,40.89823946,-77.76257086,,40°53′53.662″,77°45′45.255″,4684256.056,1499949.197
222,PA,CHESTER,42,29,42029,39.98515395,-75.71145995,,39°59′06.554″,75°42′41.256″,4548090.35,1344784.766
223,PA,CLARION,42,31,42031,41.20530783,-79.42248376,,41°12′19.108″,79°25′20.942″,4749591.818,1632769.977
224,PA,CLEARFIELD,42,33,42033,40.94496455,-78.40692838,,40°56′41.872″,78°24′24.942″,4701159.759,1553440.932
225,PA,CLINTON,42,35,42035,41.15228906,-77.51050519,,41°9′08.241″,77°30′37.819″,4708178.646,1472707.111
226,PA,COLUMBIA,42,37,42037,41.01407217,-76.38221208,,41°0′50.660″,76°22′55.963″,4673661.218,1380492.391
227,PA,CRAWFORD,42,39,42039,41.67317875,-80.09317775,,41°40′23.443″,80°5′35.440″,4815264.663,1676725.329
228,PA,CUMBERLAND,42,41,42041,40.18818318,-77.13652535,,40°11′17.459″,77°8′11.491″,4594001.308,1462794.041
229,PA,DAUPHIN,42,43,42043,40.44647238,-76.77478644,,40°26′47.301″,76°46′29.231″,4616759.917,1426154.49
230,PA,DELAWARE,42,45,42045,39.91399143,-75.371799,,39°54′50.369″,75°22′18.476″,4534926.436,1317004.3
231,PA,ELK,42,47,42047,41.39613336,-78.63360914,,41°23′46.080″,78°38′00.993″,4755777.397,1561458.54
232,PA,ERIE,42,49,42049,41.98665542,-80.11041968,,41°59′11.960″,80°6′37.511″,4850612.197,1669620.528
233,PA,FAYETTE,42,51,42051,39.94372738,-79.74869543,,39°56′37.419″,79°44′55.304″,4614877.659,1693278.455
234,PA,FOREST,42,53,42053,41.480378,-79.28852057,,41°28′49.361″,79°17′18.674″,4777702.861,1614358.394
235,PA,FRANKLIN,42,55,42055,39.94835965,-77.68555613,,39°56′54.095″,77°41′08.002″,4576707.136,1515380.328
236,PA,FULTON,42,57,42057,39.97452155,-78.06683327,,39°58′28.278″,78°4′00.600″,4586435.622,1547600.355
237,PA,GREENE,42,59,42059,39.86272552,-80.15887109,,39°51′45.812″,80°9′31.936″,4614047.961,1730797.485
238,PA,HUNTINGDON,42,61,42061,40.34671238,-78.01548081,,40°20′48.165″,78°0′55.731″,4627141.753,1534445.367
239,PA,INDIANA,42,63,42063,40.65021616,-79.09288107,,40°39′00.778″,79°5′34.372″,4681138.647,1619028.558
240,PA,JEFFERSON,42,65,42065,41.04116833,-79.00931813,,41°2′28.206″,79°0′33.545″,4723243.418,1602059.616
241,PA,JUNIATA,42,67,42067,40.56130527,-77.347157,,40°33′40.699″,77°20′49.765″,4639322.449,1472413.074
242,PA,LACKAWANNA,42,69,42069,41.46450355,-75.6502794,,41°27′52.213″,75°39′01.006″,4712246.284,1309345.706
243,PA,LANCASTER,42,71,42071,40.0607549,-76.24137635,,40°3′38.718″,76°14′28.955″,4564918.427,1388745.994
244,PA,LAWRENCE,42,73,42073,41.00352738,-80.40542523,,41°0′12.699″,80°24′19.531″,4746836.784,1721268.775
245,PA,LEBANON,42,75,42075,40.32504353,-76.42434141,,40°19′30.157″,76°25′27.629″,4597410.908,1398837.249
246,PA,LEHIGH,42,77,42077,40.60430084,-75.5967376,,40°36′15.483″,75°35′48.255″,4615447.183,1322444.574
247,PA,LUZERNE,42,79,42079,41.143211,-76.00191921,,41°8′35.560″,76°0′06.909″,4681943.653,1345629.345
248,PA,LYCOMING,42,81,42081,41.30584495,-77.05170105,,41°18′21.042″,77°3′06.124″,4717390.165,1430525.453
249,PA,MCKEAN,42,83,42083,41.83881458,-78.54736237,,41°50′19.732″,78°32′50.505″,4803576.525,1543192.636
250,PA,MERCER,42,85,42085,41.31279075,-80.29719125,,41°18′46.047″,80°17′49.889″,4779180.095,1703678.59
251,PA,MIFFLIN,42,87,42087,40.58645417,-77.64292725,,40°35′11.235″,77°38′34.538″,4647300.905,1497040.27
252,PA,MONROE,42,89,42089,41.05417976,-75.32976094,,41°3′15.047″,75°19′47.139″,4661552.27,1290735.883
253,PA,MONTGOMERY,42,91,42091,40.19484131,-75.33403759,,40°11′41.429″,75°20′02.535″,4565716.16,1308221.602
254,PA,MONTOUR,42,93,42093,41.015781,-76.6489485,,41°0′56.812″,76°38′56.215″,4678240.908,1403006.735
255,PA,NORTHAMPTON,42,95,42095,40.76670162,-75.33051643,,40°46′00.126″,75°19′49.859″,4629491.588,1296558.549
256,PA,NORTHUMBERLAND,42,97,42097,40.86943484,-76.68739112,,40°52′09.965″,76°41′14.608″,4662541.769,1409467.227
257,PA,PERRY,42,99,42099,40.40611864,-77.22184164,,40°24′22.027″,77°13′18.630″,4619820.129,1465224.27
258,PA,PHILADELPHIA,42,101,42101,40.1162,-75.0141,,40°6′58.320″,75°0′50.760″,4552142.102,1282349.395
259,PA,PIKE,42,103,42103,41.34150907,-75.00953013,,41°20′29.433″,75°0′34.308″,4688777.694,1258038.37
260,PA,POTTER,42,105,42105,41.7972348,-77.893928,,41°47′50.045″,77°53′38.141″,4786964.379,1489672.164
261,PA,SCHUYLKILL,42,107,42107,40.72987497,-76.22163943,,40°43′47.550″,76°13′17.902″,4639333.089,1372958.467
262,PA,SNYDER,42,109,42109,40.78721831,-77.01058915,,40°47′13.986″,77°0′38.121″,4658790.16,1438700.042
263,PA,SOMERSET,42,111,42111,40.00847849,-79.02643031,,40°0′30.523″,79°1′35.149″,4608054.504,1629398.629
264,PA,SULLIVAN,42,113,42113,41.46278189,-76.52754333,,41°27′46.015″,76°31′39.156″,4726113.086,1382983.409
265,PA,SUSQUEHANNA,42,115,42115,41.81208535,-75.74515492,,41°48′43.507″,75°44′42.558″,4752480.727,1310043.381
266,PA,TIOGA,42,117,42117,41.80691457,-77.21738495,,41°48′24.892″,77°13′02.586″,4776133.708,1432975.082
267,PA,UNION,42,119,42119,40.94761307,-77.02991857,,40°56′51.407″,77°1′47.707″,4677029.7,1436750.392
268,PA,VENANGO,42,121,42121,41.38669021,-79.75319314,,41°23′12.085″,79°45′11.495″,4776404.72,1655878.923
269,PA,WARREN,42,123,42123,41.83947856,-79.32235269,,41°50′22.123″,79°19′20.470″,4818454.249,1607853.263
270,PA,WASHINGTON,42,125,42125,40.18638151,-80.13157351,,40°11′10.973″,80°7′53.665″,4649758.727,1719886.983
271,PA,WAYNE,42,127,42127,41.61572736,-75.32270292,,41°36′56.618″,75°19′21.731″,4724064.224,1278806.361
272,PA,WESTMORELAND,42,129,42129,40.29105891,-79.54196223,,40°17′27.812″,79°32′31.064″,4649685.551,1666552.224
273,PA,WYOMING,42,131,42131,41.559597,-75.94202111,,41°33′34.549″,75°56′31.276″,4727436.134,1331810.792
274,PA,YORK,42,133,42133,39.91367676,-76.71678445,,39°54′49.236″,76°43′00.424″,4556251.493,1432743.939
275,VA,ACCOMACK,51,1,51001,37.77963805,-75.6604179,,37°46′46.697″,75°39′37.504″,4300631.376,1383812.082
276,VA,ALBEMARLE,51,3,51003,38.00937643,-78.60300821,,38°0′33.755″,78°36′10.830″,4375932.252,1640444.111
277,VA,ALLEGHANY,51,5,51005,37.8032105,-79.8322585,,37°48′11.558″,79°49′56.131″,4376212.354,1754898.574
278,VA,AMELIA,51,7,51007,37.30637633,-77.960933,,37°18′22.955″,77°57′39.359″,4285388.194,1599045.623
279,VA,AMHERST,51,9,51009,37.5586512,-79.0848336,,37°33′31.144″,79°5′05.401″,4334267.574,1694016.752
280,VA,APPOMATTOX,51,11,51011,37.3252405,-78.78652575,,37°19′30.866″,78°47′11.493″,4302437.228,1672742.479
281,VA,ARLINGTON,51,13,51013,38.8833015,-77.0867275,,38°52′59.885″,77°5′12.219″,4447160.411,1487096.978
282,VA,AUGUSTA,51,15,51015,38.1417354,-79.10694355,,38°8′30.247″,79°6′24.997″,4400226.037,1682060.602
283,VA,BATH,51,17,51017,38.0572988,-79.7629198,,38°3′26.276″,79°45′46.511″,4403424.429,1742394.426
284,VA,BEDFORD,51,19,51019,37.34884142,-79.53025125,,37°20′55.829″,79°31′48.905″,4319176.149,1739002.987
285,VA,BLAND,51,21,51021,37.1359665,-81.18460675,,37°8′09.479″,81°11′04.584″,4328673.381,1893487.494
286,VA,BOTETOURT,51,23,51023,37.4897153,-79.8659348,,37°29′22.975″,79°51′57.365″,4341594.058,1765694.767
287,VA,BRUNSWICK,51,25,51025,36.74995233,-77.87427317,,36°44′59.828″,77°52′27.383″,4221330.83,1603416.354
288,VA,BUCHANAN,51,27,51027,37.2338536,-82.03767647,,37°14′01.873″,82°2′15.635″,4358188.644,1967924.688
289,VA,BUCKINGHAM,51,29,51029,37.64539283,-78.5162735,,37°38′43.414″,78°30′58.585″,4333452.152,1641137.287
290,VA,CAMPBELL,51,31,51031,37.18182588,-79.12308687,,37°10′54.573″,79°7′23.113″,4292597.438,1706366.537
291,VA,CAROLINE,51,33,51033,38.06908044,-77.33514911,,38°4′08.690″,77°20′06.537″,4360136.609,1526570.36
292,VA,CARROLL,51,35,51035,36.69875157,-80.69294657,,36°41′55.506″,80°41′34.608″,4269074.162,1860267.199
293,VA,CHARLES CITY,51,36,51036,37.3667465,-77.074786,,37°22′00.287″,77°4′29.230″,4276953.415,1518297.242
294,VA,CHARLOTTE,51,37,51037,37.001552,-78.649331,,37°0′05.587″,78°38′57.592″,4263499.08,1667845.777
295,VA,CHESTERFIELD,51,41,51041,37.4090944,-77.5730166,,37°24′32.740″,77°34′22.860″,4290160.917,1562022.305
296,VA,CLARKE,51,43,51043,39.077655,-77.98723517,,39°4′39.558″,77°59′14.047″,4484585.665,1561502.451
297,VA,CRAIG,51,45,51045,37.530807,-80.212428,,37°31′50.905″,80°12′44.741″,4353126.475,1795750.77
298,VA,CULPEPER,51,47,51047,38.49763508,-77.94736569,,38°29′51.486″,77°56′50.516″,4418859.658,1571215.623
299,VA,CUMBERLAND,51,49,51049,37.5715875,-78.193424,,37°34′17.715″,78°11′36.326″,4319315.965,1613959.002
300,VA,DICKENSON,51,51,51051,37.1483315,-82.31484825,,37°8′53.993″,82°18′53.454″,4354700.92,1995371.053
301,VA,DINWIDDIE,51,53,51053,37.10733567,-77.65806922,,37°6′26.408″,77°39′29.049″,4257738.989,1576174.099
302,VA,ESSEX,51,57,51057,37.91344444,-76.89464822,,37°54′48.400″,76°53′40.734″,4335275.194,1490788.951
303,VA,FAIRFAX,51,59,51059,38.8478715,-77.25293117,,38°50′52.337″,77°15′10.552″,4446014.526,1502419.441
304,VA,FAUQUIER,51,61,51061,38.71852863,-77.79278195,,38°43′06.703″,77°47′34.015″,4440888.008,1552632.874
305,VA,FLOYD,51,63,51063,36.9563306,-80.3549682,,36°57′22.790″,80°21′17.886″,4291256.194,1823082.026
306,VA,FLUVANNA,51,65,51065,37.8512878,-78.2349818,,37°51′04.636″,78°14′05.934″,4351476.026,1611342.44
307,VA,FRANKLIN,51,67,51067,37.01572482,-79.85670327,,37°0′56.609″,79°51′24.132″,4288024.457,1776541.692
308,VA,FREDERICK,51,69,51069,39.19456322,-78.226554,,39°11′40.428″,78°13′35.594″,4501995.549,1579682.279
309,VA,GILES,51,71,51071,37.32393322,-80.71754178,,37°19′26.160″,80°43′03.150″,4340114.006,1846438.032
310,VA,GLOUCESTER,51,73,51073,37.34637807,-76.48478667,,37°20′46.961″,76°29′05.232″,4264999.624,1465880.335
311,VA,GOOCHLAND,51,75,51075,37.72793645,-77.90900282,,37°43′40.571″,77°54′32.410″,4331816.925,1585065.08
312,VA,GRAYSON,51,77,51077,36.665184,-81.29470683,,36°39′54.662″,81°17′40.945″,4277837.057,1915887.855
313,VA,GREENE,51,79,51079,38.25992575,-78.453614,,38°15′35.733″,78°27′13.010″,4401319.951,1621371.76
314,VA,GREENSVILLE,51,81,51081,36.69483433,-77.529926,,36°41′41.404″,77°31′47.734″,4209186.445,1573437.315
315,VA,HALIFAX,51,83,51083,36.7529291,-78.9207075,,36°45′10.545″,78°55′14.547″,4240527.109,1698098.042
316,VA,HANOVER,51,85,51085,37.76377562,-77.49578813,,37°45′49.592″,77°29′44.837″,4328641.655,1547449.466
317,VA,HENRICO,51,87,51087,37.5769135,-77.40616175,,37°34′36.889″,77°24′22.182″,4306136.053,1543483.898
318,VA,HENRY,51,89,51089,36.67962671,-79.92371429,,36°40′46.656″,79°55′25.371″,4251454.603,1790836.639
319,VA,HIGHLAND,51,91,51091,38.36978583,-79.53845417,,38°22′11.229″,79°32′18.435″,4434149.171,1714726.213
320,VA,ISLE OF WIGHT,51,93,51093,36.90772,-76.67536688,,36°54′27.792″,76°40′31.321″,4218865.666,1491846.088
321,VA,JAMES CITY,51,95,51095,37.30735975,-76.7680455,,37°18′26.495″,76°46′04.964″,4265218.315,1492045.531
322,VA,KING AND QUEEN,51,97,51097,37.7233615,-76.9029653,,37°43′24.101″,76°54′10.675″,4314099.911,1495499.884
323,VA,KING GEORGE,51,99,51099,38.25416886,-77.13941029,,38°15′15.008″,77°8′21.877″,4377565.052,1505264.047
324,VA,KING WILLIAM,51,101,51101,37.704088,-77.074514,,37°42′14.717″,77°4′28.250″,4314795.495,1511188.706
325,VA,LANCASTER,51,103,51103,37.7286576,-76.4823706,,37°43′43.167″,76°28′56.534″,4307819.686,1457935.911
326,VA,LEE,51,105,51105,36.72571222,-83.11555889,,36°43′32.564″,83°6′56.012″,4325180.339,2080166.371
327,VA,LOUDOUN,51,107,51107,39.07105912,-77.61548194,,39°4′15.813″,77°36′55.735″,4477275.005,1529188.518
328,VA,LOUISA,51,109,51109,37.99038725,-77.94560125,,37°59′25.394″,77°56′44.164″,4361923.385,1582471.471
329,VA,LUNENBURG,51,111,51111,36.9325016,-78.229706,,36°55′57.006″,78°13′46.942″,4248136.407,1631528.127
330,VA,MADISON,51,113,51113,38.38662289,-78.23302939,,38°23′11.842″,78°13′58.906″,4411527.194,1598946.567
331,VA,MATHEWS,51,115,51115,37.43875162,-76.33040319,,37°26′19.506″,76°19′49.451″,4272886.735,1450216.027
332,VA,MECKLENBURG,51,117,51117,36.6696554,-78.3810061,,36°40′10.759″,78°22′51.622″,4221282.452,1651076.818
333,VA,MIDDLESEX,51,119,51119,37.61637058,-76.5288045,,37°36′58.934″,76°31′43.696″,4295981.988,1464353.379
334,VA,MONTGOMERY,51,121,51121,37.14906071,-80.387427,,37°8′56.619″,80°23′14.737″,4313644.643,1821151.671
335,VA,NELSON,51,125,51125,37.77471946,-78.88564077,,37°46′28.990″,78°53′08.307″,4354815.18,1671105.687
336,VA,NEW KENT,51,127,51127,37.4756878,-77.0057494,,37°28′32.476″,77°0′20.698″,4288026.108,1509841.694
337,VA,NORTHAMPTON,51,131,51131,37.3848,-75.90985625,,37°23′05.280″,75°54′35.482″,4260236.004,1413677.388
338,VA,NORTHUMBERLAND,51,133,51133,37.89809312,-76.39197913,,37°53′53.135″,76°23′31.125″,4325354.29,1446463.773
339,VA,NOTTOWAY,51,135,51135,37.1451975,-78.0913365,,37°8′42.711″,78°5′28.811″,4269583.797,1614330.818
340,VA,ORANGE,51,137,51137,38.24435867,-78.05728944,,38°14′39.691″,78°3′26.242″,4392408.679,1586655.349
341,VA,PAGE,51,139,51139,38.61957075,-78.49128075,,38°37′10.455″,78°29′28.611″,4442366.512,1616312.542
342,VA,PATRICK,51,141,51141,36.67235825,-80.312374,,36°40′20.490″,80°18′44.546″,4258364.009,1826334.429
343,VA,PITTSYLVANIA,51,143,51143,36.81990143,-79.37953093,,36°49′11.645″,79°22′46.311″,4256715.607,1738095.212
344,VA,POWHATAN,51,145,51145,37.5390545,-77.9209915,,37°32′20.596″,77°55′15.569″,4310819.613,1590323.409
345,VA,PRINCE EDWARD,51,147,51147,37.21269367,-78.399328,,37°12′45.697″,78°23′57.581″,4282691.558,1640523.334
346,VA,PRINCE GEORGE,51,149,51149,37.20878167,-77.293976,,37°12′31.614″,77°17′38.314″,4262906.602,1541278.232
347,VA,PRINCE WILLIAM,51,153,51153,38.73075145,-77.50855082,,38°43′50.705″,77°30′30.783″,4437289.604,1527406.354
348,VA,PULASKI,51,155,51155,37.0907055,-80.675531,,37°5′26.540″,80°40′31.912″,4312946.326,1848659.268
349,VA,RAPPAHANNOCK,51,157,51157,38.71140286,-78.14839529,,38°42′41.050″,78°8′54.223″,4446427.071,1584030.222
350,VA,ROCKBRIDGE,51,163,51163,37.818316,-79.37927,,37°49′05.938″,79°22′45.372″,4369081.342,1714100.947
351,VA,ROCKINGHAM,51,165,51165,38.48754795,-78.86369737,,38°29′15.173″,78°51′49.311″,4434467.559,1652252.356
352,VA,RUSSELL,51,167,51167,36.96971471,-82.08436314,,36°58′10.973″,82°5′03.707″,4329370.47,1979452.859
353,VA,SCOTT,51,169,51169,36.70551829,-82.55988857,,36°42′19.866″,82°33′35.599″,4310130.486,2030064.415
354,VA,SHENANDOAH,51,171,51171,38.85352117,-78.56846075,,38°51′12.676″,78°34′06.459″,4470029.198,1617588.061
355,VA,SMYTH,51,173,51173,36.8264184,-81.5506904,,36°49′35.106″,81°33′02.485″,4301524.013,1934892.279
356,VA,SOUTHAMPTON,51,175,51175,36.7023385,-77.14378988,,36°42′08.419″,77°8′37.644″,4203510.214,1538341.565
357,VA,SPOTSYLVANIA,51,177,51177,38.166453,-77.5941975,,38°9′59.231″,77°35′39.111″,4375515.199,1547401.502
358,VA,STAFFORD,51,179,51179,38.44020571,-77.44019143,,38°26′24.741″,77°26′24.689″,4403546.632,1527787.697
359,VA,SURRY,51,181,51181,37.1424218,-76.8904572,,37°8′32.718″,76°53′25.646″,4248721.682,1506416.79
360,VA,SUSSEX,51,183,51183,36.9378354,-77.2190278,,36°56′16.207″,77°13′08.500″,4231219.605,1540233.223
361,VA,TAZEWELL,51,185,51185,37.14883884,-81.59052095,,37°8′55.820″,81°35′25.875″,4338805.587,1929835.44
362,VA,WARREN,51,187,51187,38.9090455,-78.18893175,,38°54′32.564″,78°11′20.154″,4469316.155,1583027.414
363,VA,WASHINGTON,51,191,51191,36.71579471,-81.95392043,,36°42′56.861″,81°57′14.114″,4297781.075,1974561.345
364,VA,WESTMORELAND,51,193,51193,38.0985654,-76.7161618,,38°5′54.835″,76°42′58.182″,4353080.18,1471099.306
365,VA,WISE,51,195,51195,36.93935875,-82.63810788,,36°56′21.691″,82°38′17.188″,4338373.993,2030577.528
366,VA,WYTHE,51,197,51197,36.86456089,-81.04942211,,36°51′52.419″,81°2′57.920″,4295188.488,1888369.877
367,VA,YORK,51,199,51199,37.2178158,-76.537811,,37°13′04.137″,76°32′16.120″,4251434.28,1473222.029
368,VA,ALEXANDRIA CITY,51,510,51510,38.820042,-77.058901,,38°49′12.151″,77°3′32.044″,4439606.613,1486025.329
369,VA,BEDFORD CITY,51,515,51515,37.41667,-79.5833,,37°25′00.012″,79°34′59.880″,4327839.08,1742121.094
370,VA,BRISTOL,51,520,51520,36.618093,-82.182297,,36°37′05.135″,82°10′56.269″,4291768.788,1998057.206
371,VA,BUENA VISTA CITY,51,530,51530,37.739585,-79.352311,,37°44′22.506″,79°21′08.320″,4359709.553,1713601.57
372,VA,CHARLOTTESVILLE CITY,51,540,51540,37.9962,-78.4782,,37°59′46.320″,78°28′41.520″,4372161.726,1629658.499
373,VA,CHESAPEAKE CITY,51,550,51550,36.735246,-76.23843,,36°44′06.886″,76°14′18.348″,4192531.935,1455854.168
374,VA,COLONIAL HEIGHTS CITY,51,570,51570,37.269968,-77.403829,,37°16′11.885″,77°24′13.784″,4271640.922,1549840.515
375,VA,COVINGTON CITY,51,580,51580,37.784203,-80.003176,,37°47′03.131″,80°0′11.434″,4377463.62,1770636.953
376,VA,DANVILLE CITY,51,590,51590,36.621789,-79.412441,,36°37′18.440″,79°24′44.788″,4235021.907,1745781.378
377,VA,EMPORIA CITY,51,595,51595,36.68333,-77.5421,,36°40′59.988″,77°32′31.560″,4208101.552,1574783.461
378,VA,FAIRFAX CITY,51,600,51600,38.845826,-77.324151,,38°50′44.974″,77°19′26.944″,4447003.617,1508702.791
379,VA,FALLS CHURCH CITY,51,610,51610,38.8838,-77.1741,,38°53′01.680″,77°10′26.760″,4448696.297,1494734.178
380,VA,FRANKLIN CITY,51,620,51620,36.678625,-76.939108,,36°40′43.050″,76°56′20.789″,4197455.178,1520314.588
381,VA,FREDERICKSBURG CITY,51,630,51630,38.299538,-77.477152,,38°17′58.337″,77°28′37.747″,4388413.977,1534129.283
382,VA,GALAX CITY,51,640,51640,36.656503,-80.911744,,36°39′23.411″,80°54′42.278″,4268821.181,1881252.916
383,VA,HAMPTON CITY,51,650,51650,37.0180855,-76.354948,,37°1′05.108″,76°21′17.813″,4226104.07,1460787.57
384,VA,HARRISONBURG CITY,51,660,51660,38.448864,-78.871438,,38°26′55.910″,78°52′17.177″,4430270.474,1653858.944
385,VA,HOPEWELL CITY,51,670,51670,37.287576,-77.295013,,37°17′15.274″,77°17′42.047″,4271770.021,1539703.799
386,VA,LEXINGTON CITY,51,678,51678,37.788463,-79.458111,,37°47′18.467″,79°27′29.200″,4367244.773,1721861.87
387,VA,LYNCHBURG CITY,51,680,51680,37.386228,-79.171464,,37°23′10.421″,79°10′17.270″,4316512.359,1705877.375
388,VA,MANASSAS CITY,51,683,51683,38.7518,-77.4728,,38°45′06.480″,77°28′22.080″,4439029.233,1523803.732
389,VA,MARTINSVILLE CITY,51,690,51690,36.687067,-79.869136,,36°41′13.441″,79°52′08.890″,4251221.482,1785697.741
390,VA,NEWPORT NEWS CITY,51,700,51700,37.0900315,-76.5252245,,37°5′24.113″,76°31′30.808″,4236897.41,1474662.059
391,VA,NORFOLK CITY,51,710,51710,36.8466,-76.2855,,36°50′47.760″,76°17′07.800″,4205766.714,1457918.548
392,VA,NORTON CITY,51,720,51720,36.937797,-82.624923,,36°56′16.069″,82°37′29.723″,4337897.092,2029423.97
393,VA,PETERSBURG CITY,51,730,51730,37.220001,-77.432594,,37°13′12.004″,77°25′57.338″,4266520.897,1553488.293
394,VA,POQUOSON CITY,51,735,51735,37.131252,-76.380702,,37°7′52.507″,76°22′50.527″,4239207.192,1460854.231
395,VA,PORTSMOUTH CITY,51,740,51740,36.808902,-76.36714,,36°48′32.047″,76°22′01.704″,4202830.394,1466024.756
396,VA,RADFORD,51,750,51750,37.135816,-80.571721,,37°8′08.938″,80°34′18.196″,4315903.995,1838125.834
397,VA,RICHMOND,51,760,51760,37.9093484,-76.6619722,,37°54′33.654″,76°39′43.100″,4330986.949,1470209.142
398,VA,ROANOKE,51,770,51770,37.26978375,-80.032775,,37°16′11.222″,80°1′57.990″,4320130.586,1786150.384
399,VA,SALEM,51,775,51775,37.2894,-80.0622425,,37°17′21.840″,80°3′44.073″,4322927.005,1788314.756
400,VA,STAUNTON CITY,51,790,51790,38.145104,-79.07519,,38°8′42.374″,79°4′30.684″,4400002.059,1679162.224
401,VA,SUFFOLK CITY,51,800,51800,36.866823,-76.559811,,36°52′00.563″,76°33′35.320″,4212409.45,1482251.169
402,VA,VIRGINIA BEACH CITY,51,810,51810,36.8527,-75.9783,,36°51′09.720″,75°58′41.880″,4201646.453,1430107.769
403,VA,WAYNESBORO CITY,51,820,51820,38.077412,-78.903461,,38°4′38.683″,78°54′12.460″,4389159.606,1665534.643
404,VA,WILLIAMSBURG CITY,51,830,51830,37.2732,-76.7194,,37°16′23.520″,76°43′09.840″,4260591.231,1488383.862
405,VA,WINCHESTER CITY,51,840,51840,39.185803,-78.182697,,39°11′08.891″,78°10′57.709″,4500219.123,1576062.129
406,WV,BARBOUR,54,1,54001,39.111037,-80.02079433,,39°6′39.733″,80°1′14.860″,4526941.405,1738411.99
407,WV,BERKELEY,54,3,54003,39.41878288,-78.03936075,,39°25′07.618″,78°2′21.699″,4523731.506,1558179.179
408,WV,BOONE,54,5,54005,38.03996703,-81.71138869,,38°2′23.881″,81°42′40.999″,4441969.887,1916330.098
409,WV,BRAXTON,54,7,54007,38.7320637,-80.7072179,,38°43′55.429″,80°42′25.984″,4498423.848,1808579.605
410,WV,BROOKE,54,9,54009,40.24825586,-80.61099014,,40°14′53.721″,80°36′39.565″,4666564.744,1759399.896
411,WV,CABELL,54,11,54011,38.41274729,-82.24483843,,38°24′45.890″,82°14′41.418″,4495827.016,1953264.262
412,WV,CALHOUN,54,13,54013,38.87663722,-81.11482344,,38°52′35.894″,81°6′53.364″,4523263.68,1840544.617
413,WV,CLAY,54,15,54015,38.46403636,-81.08070743,,38°27′50.531″,81°4′50.547″,4476133.922,1848727.634
414,WV,DODDRIDGE,54,17,54017,39.29172675,-80.716392,,39°17′30.216″,80°42′59.011″,4561488.152,1794413.914
415,WV,FAYETTE,54,19,54019,38.04920685,-81.14340339,,38°2′57.145″,81°8′36.252″,4430766.04,1865462.451
416,WV,GILMER,54,21,54021,38.90215667,-80.84166811,,38°54′07.764″,80°50′30.005″,4520353.668,1815855.586
417,WV,GRANT,54,23,54023,39.13629857,-79.22995686,,39°8′10.675″,79°13′47.845″,4514219.066,1668651.198
418,WV,GREENBRIER,54,25,54025,37.89907478,-80.55010167,,37°53′56.669″,80°33′00.366″,4401463.268,1816531.893
419,WV,HAMPSHIRE,54,27,54027,39.31432463,-78.59318575,,39°18′51.569″,78°35′35.469″,4522144.091,1608797.232
420,WV,HANCOCK,54,29,54029,40.5359838,-80.5796516,,40°32′09.542″,80°34′46.746″,4698136.213,1748865.943
421,WV,HARDY,54,31,54031,38.99489663,-78.88586825,,38°59′41.628″,78°53′09.126″,4491808.456,1642017.991
422,WV,HARRISON,54,33,54033,39.32080874,-80.35667905,,39°19′14.911″,80°21′24.045″,4557305.844,1762265.623
423,WV,JACKSON,54,35,54035,38.81379773,-81.69018645,,38°48′49.672″,81°41′24.671″,4528641.32,1892890.473
424,WV,JEFFERSON,54,37,54037,39.31246155,-77.85101345,,39°18′44.862″,77°51′03.648″,4508460.697,1544252.053
425,WV,KANAWHA,54,39,54039,38.2755967,-81.50556821,,38°16′32.148″,81°30′20.046″,4464034.263,1891518.594
426,WV,LEWIS,54,41,54041,38.95547822,-80.49645689,,38°57′19.722″,80°29′47.245″,4519160.424,1784135.166
427,WV,LINCOLN,54,43,54043,38.19601077,-82.06691808,,38°11′45.639″,82°4′00.905″,4467412.587,1943629.366
428,WV,LOGAN,54,45,54045,37.82377347,-81.93664928,,37°49′25.584″,81°56′11.937″,4422547.71,1942453.92
429,WV,MCDOWELL,54,47,54047,37.37954341,-81.62260624,,37°22′46.356″,81°37′21.382″,4365546.568,1926482.175
430,WV,MARION,54,49,54049,39.51189476,-80.22962612,,39°30′42.821″,80°13′46.654″,4576149.128,1746171.19
431,WV,MARSHALL,54,51,54051,39.90631375,-80.6819515,,39°54′22.730″,80°40′55.025″,4629723.201,1774810.634
432,WV,MASON,54,53,54053,38.82383364,-82.04797571,,38°49′25.801″,82°2′52.713″,4537697.933,1924105.786
433,WV,MERCER,54,55,54055,37.3990923,-81.1669456,,37°23′56.732″,81°10′01.004″,4357988.567,1884927.416
434,WV,MINERAL,54,57,54057,39.464426,-78.936273,,39°27′51.934″,78°56′10.583″,4545398.47,1635004.998
435,WV,MINGO,54,59,54059,37.6887935,-82.13542173,,37°41′19.657″,82°8′07.518″,4411732.802,1964039.748
436,WV,MONONGALIA,54,61,54061,39.6728822,-80.0816577,,39°40′22.376″,80°4′53.968″,4591199.389,1729106.065
437,WV,MONROE,54,63,54063,37.56276317,-80.597372,,37°33′45.947″,80°35′50.539″,4364556.217,1829464.837
438,WV,MORGAN,54,65,54065,39.55440467,-78.33697,,39°33′15.857″,78°20′13.092″,4544316.878,1580832.241
439,WV,NICHOLAS,54,67,54067,38.26305089,-80.83475095,,38°15′46.983″,80°50′05.103″,4448335.429,1832312.305
440,WV,OHIO,54,69,54069,40.101763,-80.607341,,40°6′06.347″,80°36′26.428″,4650073.858,1763069.904
441,WV,PENDLETON,54,71,54071,38.69287388,-79.36898163,,38°41′34.346″,79°22′08.334″,4467143.832,1691788.315
442,WV,PLEASANTS,54,73,54073,39.3769485,-81.2256545,,39°22′37.015″,81°13′32.356″,4581850.269,1836501.877
443,WV,POCAHONTAS,54,75,54075,38.37675109,-79.95920936,,38°22′36.304″,79°57′33.154″,4443230.433,1751777.598
444,WV,PRESTON,54,77,54077,39.45009043,-79.70896,,39°27′00.326″,79°42′32.256″,4558758.756,1702515.61
445,WV,PUTNAM,54,79,54079,38.51825242,-81.90077692,,38°31′05.709″,81°54′02.797″,4500022.001,1919790.229
446,WV,RALEIGH,54,81,54081,37.76486928,-81.26058419,,37°45′53.529″,81°15′38.103″,4401222.749,1883563.554
447,WV,RANDOLPH,54,83,54083,38.8288095,-79.89396085,,38°49′43.714″,79°53′38.259″,4492716.463,1734533.634
448,WV,RITCHIE,54,85,54085,39.173517,-81.0441108,,39°10′24.661″,81°2′38.799″,4555121.092,1826244.936
449,WV,ROANE,54,87,54087,38.66919988,-81.31496962,,38°40′09.120″,81°18′53.891″,4504220.963,1863839.466
450,WV,SUMMERS,54,89,54089,37.68804982,-80.86171582,,37°41′16.979″,80°51′42.177″,4384148.779,1849895.128
451,WV,TAYLOR,54,91,54091,39.2961224,-80.0646,,39°17′46.041″,80°3′52.560″,4548595.138,1737445.963
452,WV,TUCKER,54,93,54093,39.070106,-79.57914714,,39°4′12.382″,79°34′44.930″,4513576.561,1700826.033
453,WV,TYLER,54,95,54095,39.4787984,-80.8969748,,39°28′43.674″,80°53′49.109″,4586283.278,1805081.596
454,WV,UPSHUR,54,97,54097,38.8589396,-80.2941964,,38°51′32.183″,80°17′39.107″,4504169.279,1768914.313
455,WV,WAYNE,54,99,54099,38.19278421,-82.45578214,,38°11′34.023″,82°27′20.816″,4475809.817,1978326.107
456,WV,WEBSTER,54,101,54101,38.4963395,-80.46660613,,38°29′46.822″,80°27′59.782″,4466946.663,1793568.641
457,WV,WETZEL,54,103,54103,39.59408025,-80.64580283,,39°35′38.689″,80°38′44.890″,4593948.688,1780129.216
458,WV,WIRT,54,105,54105,39.00058,-81.310338,,39°0′02.088″,81°18′37.217″,4541385.158,1854311.88
459,WV,WOOD,54,107,54107,39.2337452,-81.5216409,,39°14′01.483″,81°31′17.907″,4572169.949,1866327.194
460,WV,WYOMING,54,109,54109,37.61838719,-81.53079344,,37°37′06.194″,81°31′50.856″,4390508.287,1911736.748
